"id";"urutan";"nama";"nama_inggris";"kode_alpha_2";"kode_alpha_3";"kode_numeric"
USA;1;Amerika Serikat;United States of America;US;USA;"840"
CAN;2;Kanada;Canada;CA;CAN;"124"
ARG;3;Argentina;Argentina;AR;ARG;"032"
VEN;4;Venezuela;Venezuela (Bolivarian Republic of);VE;VEN;"862"
BRA;5;Brasil;Brazil;BR;BRA;"076"
CHL;6;Chili;Chile;CL;CHL;"152"
COL;7;Kolombia;Colombia;CO;COL;"170"
PER;8;Peru;Peru;PE;PER;"604"
SUR;9;Suriname;Suriname;SR;SUR;"740"
ECU;10;Ekuador;Ecuador;EC;ECU;"218"
MEX;11;Meksiko;Mexico;MX;MEX;"484"
CUB;12;Kuba;Cuba;CU;CUB;"192"
PAN;13;Panama;Panama;PA;PAN;"591"
AUT;14;Austria;Austria;AT;AUT;"040"
BEL;15;Belgia;Belgium;BE;BEL;"056"
FRA;16;Perancis;France;FR;FRA;"250"
DEU;17;Jerman;Germany;DE;DEU;"276"
NLD;18;Belanda;Netherlands;NL;NLD;"528"
CHE;19;Swiss;Switzerland;CH;CHE;"756"
DNK;20;Denmark;Denmark;DK;DNK;"208"
FIN;21;Finlandia;Finland;FI;FIN;"246"
NOR;22;Norwegia;Norway;NO;NOR;"578"
SWE;23;Swedia;Sweden;SE;SWE;"752"
GBR;24;Inggris;United Kingdom;GB;GBR;"826"
BIH;25;Bosnia dan Herzegovina;Bosnia and Herzegovina;BA;BIH;"070"
HRV;26;Kroasia;Croatia;HR;HRV;"191"
ESP;27;Spanyol;Spain;ES;ESP;"724"
GRC;28;Yunani;Greece;GR;GRC;"300"
ITA;29;Itali;Italy;IT;ITA;"380"
PRT;30;Portugal;Portugal;PT;PRT;"620"
SRB;31;Serbia;Serbia;RS;SRB;"688"
BGR;32;Bulgaria;Bulgaria;BG;BGR;"100"
CZE;33;Ceko;Czechia;CZ;CZE;"203"
HUN;34;Hongaria;Hungary;HU;HUN;"348"
POL;35;Polandia;Poland;PL;POL;"616"
ROU;36;Rumania;Romania;RO;ROU;"642"
RUS;37;Rusia;Russian Federation;RU;RUS;"643"
SVK;38;Slovakia;Slovakia;SK;SVK;"703"
UKR;39;Ukraina;Ukraine;UA;UKR;"804"
NGA;40;Nigeria;Nigeria;NG;NGA;"566"
SEN;41;Senegal;Senegal;SN;SEN;"686"
CMR;42;Kamerun;Cameroon;CM;CMR;"120"
ETH;43;Etiopia;Ethiopia;ET;ETH;"231"
KEN;44;Kenya;Kenya;KE;KEN;"404"
MDG;45;Madagaskar;Madagascar;MG;MDG;"450"
TZA;46;Tanzania;United Republic of Tanzania;TZ;TZA;"834"
ZWE;47;Zimbabwe;Zimbabwe;ZW;ZWE;"716"
MOZ;48;Mozambik;Mozambique;MZ;MOZ;"508"
NAM;49;Namibia;Namibia;NA;NAM;"516"
ZAF;50;Afrika Selatan;South Africa;ZA;ZAF;"710"
DZA;51;Aljazair;Algeria;DZ;DZA;"012"
EGY;52;Mesir;Egypt;EG;EGY;"818"
MAR;53;Maroko;Morocco;MA;MAR;"504"
TUN;54;Tunisia;Tunisia;TN;TUN;"788"
SDN;55;Sudan;Sudan;SD;SDN;"729"
LBY;56;Libya;Libya;LY;LBY;"434"
AZE;57;Azerbaijan;Azerbaijan;AZ;AZE;"031"
BHR;58;Bahrain;Bahrain;BH;BHR;"048"
IRQ;59;Irak;Iraq;IQ;IRQ;"368"
JOR;60;Yordania;Jordan;JO;JOR;"400"
KWT;61;Kuwait;Kuwait;KW;KWT;"414"
LBN;62;Libanon;Lebanon;LB;LBN;"422"
QAT;63;Qatar;Qatar;QA;QAT;"634"
SYR;64;Suriah;Syrian Arab Republic;SY;SYR;"760"
TUR;65;Turki;Turkey;TR;TUR;"792"
ARE;66;Uni Emirat Arab;United Arab Emirates;AE;ARE;"784"
YEM;67;Yaman;Yemen;YE;YEM;"887"
SAU;68;Saudi Arabia;Saudi Arabia;SA;SAU;"682"
OMN;69;Kesultanan Oman;Oman;OM;OMN;"512"
CHN;70;Republik Rakyat Tiongkok;China;CN;CHN;"156"
HKG;71;Hongkong;China Hong Kong;HK;HKG;"344"
JPN;72;Jepang;Japan;JP;JPN;"392"
KOR;73;Korea Selatan;Republic of Korea;KR;KOR;"410"
PRK;74;Korea Utara;Democratic People's Republic of Korea;KP;PRK;"408"
AFG;75;Afganistan;Afghanistan;AF;AFG;"004"
BGD;76;Bangladesh;Bangladesh;BD;BGD;"050"
IND;77;India;India;IN;IND;"356"
PAK;78;Pakistan;Pakistan;PK;PAK;"586"
LKA;79;Srilanka;Sri Lanka;LK;LKA;"144"
IRN;80;Iran;Iran (Islamic Republic of);IR;IRN;"364"
UZB;81;Uzbekistan;Uzbekistan;UZ;UZB;"860"
KAZ;82;Kazakhstan;Kazakhstan;KZ;KAZ;"398"
PHL;83;Filipina;Philippines;PH;PHL;"608"
SGP;84;Singapura;Singapore;SG;SGP;"702"
MYS;85;Malaysia;Malaysia;MY;MYS;"458"
THA;86;Thailand;Thailand;TH;THA;"764"
MMR;87;Myanmar;Myanmar;MM;MMR;"104"
LAO;88;Laos;Lao People's Democratic Republic;LA;LAO;"418"
VNM;89;Vietnam;Viet Nam;VN;VNM;"704"
BRN;90;Brunei Darussalam;Brunei Darussalam;BN;BRN;"096"
KHM;91;Kamboja;Cambodia;KH;KHM;"116"
TLS;92;Timor Leste;Timor-Leste;TL;TLS;"626"
AUS;93;Australia;Australia;AU;AUS;"036"
NZL;94;Selandia Baru;New Zealand;NZ;NZL;"554"
NCL;95;Kaledonia Baru;France New Caledonia;NC;NCL;"540"
PNG;96;Papua Nugini;Papua New Guinea;PG;PNG;"598"
FJI;97;Fiji;Fiji;FJ;FJI;"242"
BWA;;Botswana;Botswana;BW;BWA;"072"
BFA;;Burkina Faso;Burkina Faso;BF;BFA;"854"
BDI;;Burundi;Burundi;BI;BDI;"108"
CPV;;Cabo Verde;Cabo Verde;CV;CPV;"132"
CAF;;Central African Republic;Central African Republic;CF;CAF;"140"
TCD;;Chad;Chad;TD;TCD;"148"
COM;;Comoros;Comoros;KM;COM;"174"
COG;;Congo;Congo;CG;COG;"178"
CRI;;Costa Rica;Costa Rica;CR;CRI;"188"
CYP;;Cyprus;Cyprus;CY;CYP;"196"
COD;;Democratic Republic of the Congo;Democratic Republic of the Congo;CD;COD;"180"
DJI;;Djibouti;Djibouti;DJ;DJI;"262"
DMA;;Dominica;Dominica;DM;DMA;"212"
ARM;;Armenia;Armenia;AM;ARM;"051"
ATG;;Antigua and Barbuda;Antigua and Barbuda;AG;ATG;"028"
AGO;;Angola;Angola;AO;AGO;"024"
AND;;Andorra;Andorra;AD;AND;"020"
ALB;;Albania;Albania;AL;ALB;"008"
WSM;;Samoa;Samoa;WS;WSM;"882"
VCT;;Saint Vincent and the Grenadines;Saint Vincent and the Grenadines;VC;VCT;"670"
LCA;;Saint Lucia;Saint Lucia;LC;LCA;"662"
KNA;;Saint Kitts and Nevis;Saint Kitts and Nevis;KN;KNA;"659"
RWA;;Rwanda;Rwanda;RW;RWA;"646"
MDA;;Republic of Moldova;Republic of Moldova;MD;MDA;"498"
PRY;;Paraguay;Paraguay;PY;PRY;"600"
PLW;;Palau;Palau;PW;PLW;"585"
MKD;;North Macedonia;North Macedonia;MK;MKD;"807"
NER;;Niger;Niger;NE;NER;"562"
NIC;;Nicaragua;Nicaragua;NI;NIC;"558"
NPL;;Nepal;Nepal;NP;NPL;"524"
NRU;;Nauru;Nauru;NR;NRU;"520"
MNE;;Montenegro;Montenegro;ME;MNE;"499"
MNG;;Mongolia;Mongolia;MN;MNG;"496"
MCO;;Monaco;Monaco;MC;MCO;"492"
FSM;;Micronesia (Federated States of);Micronesia (Federated States of);FM;FSM;"583"
ERI;;Eritrea;Eritrea;ER;ERI;"232"
GNQ;;Equatorial Guinea;Equatorial Guinea;GQ;GNQ;"226"
SLV;;El Salvador;El Salvador;SV;SLV;"222"
DOM;;Dominican Republic;Dominican Republic;DO;DOM;"214"
MUS;;Mauritius;Mauritius;MU;MUS;"480"
MRT;;Mauritania;Mauritania;MR;MRT;"478"
MHL;;Marshall Islands;Marshall Islands;MH;MHL;"584"
MLT;;Malta;Malta;MT;MLT;"470"
MLI;;Mali;Mali;ML;MLI;"466"
MDV;;Maldives;Maldives;MV;MDV;"462"
MWI;;Malawi;Malawi;MW;MWI;"454"
LUX;;Luxembourg;Luxembourg;LU;LUX;"442"
LTU;;Lithuania;Lithuania;LT;LTU;"440"
LIE;;Liechtenstein;Liechtenstein;LI;LIE;"438"
LBR;;Liberia;Liberia;LR;LBR;"430"
LSO;;Lesotho;Lesotho;LS;LSO;"426"
LVA;;Latvia;Latvia;LV;LVA;"428"
KGZ;;Kyrgyzstan;Kyrgyzstan;KG;KGZ;"417"
KIR;;Kiribati;Kiribati;KI;KIR;"296"
JAM;;Jamaica;Jamaica;JM;JAM;"388"
ISR;;Israel;Israel;IL;ISR;"376"
IRL;;Ireland;Ireland;IE;IRL;"372"
IDN;;Indonesia;Indonesia;ID;IDN;"360"
ISL;;Iceland;Iceland;IS;ISL;"352"
HND;;Honduras;Honduras;HN;HND;"340"
HTI;;Haiti;Haiti;HT;HTI;"332"
GUY;;Guyana;Guyana;GY;GUY;"328"
GNB;;Guinea-Bissau;Guinea-Bissau;GW;GNB;"624"
GIN;;Guinea;Guinea;GN;GIN;"324"
GTM;;Guatemala;Guatemala;GT;GTM;"320"
EST;;Estonia;Estonia;EE;EST;"233"
GRD;;Grenada;Grenada;GD;GRD;"308"
SMR;;San Marino;San Marino;SM;SMR;"674"
STP;;Sao Tome and Principe;Sao Tome and Principe;ST;STP;"678"
GHA;;Ghana;Ghana;GH;GHA;"288"
GEO;;Georgia;Georgia;GE;GEO;"268"
GMB;;Gambia;Gambia;GM;GMB;"270"
SYC;;Seychelles;Seychelles;SC;SYC;"690"
GAB;;Gabon;Gabon;GA;GAB;"266"
SLE;;Sierra Leone;Sierra Leone;SL;SLE;"694"
SWZ;;Eswatini;Eswatini;SZ;SWZ;"748"
SVN;;Slovenia;Slovenia;SI;SVN;"705"
SLB;;Solomon Islands;Solomon Islands;SB;SLB;"090"
SOM;;Somalia;Somalia;SO;SOM;"706"
SSD;;South Sudan;South Sudan;SS;SSD;"728"
TJK;;Tajikistan;Tajikistan;TJ;TJK;"762"
TGO;;Togo;Togo;TG;TGO;"768"
TON;;Tonga;Tonga;TO;TON;"776"
TTO;;Trinidad and Tobago;Trinidad and Tobago;TT;TTO;"780"
TKM;;Turkmenistan;Turkmenistan;TM;TKM;"795"
TUV;;Tuvalu;Tuvalu;TV;TUV;"798"
UGA;;Uganda;Uganda;UG;UGA;"800"
URY;;Uruguay;Uruguay;UY;URY;"858"
VUT;;Vanuatu;Vanuatu;VU;VUT;"548"
ZMB;;Zambia;Zambia;ZM;ZMB;"894"
BHS;;Bahamas;Bahamas;BS;BHS;"044"
BRB;;Barbados;Barbados;BB;BRB;"052"
BLR;;Belarus;Belarus;BY;BLR;"112"
BLZ;;Belize;Belize;BZ;BLZ;"084"
BEN;;Benin;Benin;BJ;BEN;"204"
BTN;;Bhutan;Bhutan;BT;BTN;"064"
BOL;;Bolivia (Plurinational State of);Bolivia (Plurinational State of);BO;BOL;"068"
